Trait_name_unique,Path_QCed_GWAS
CAD.Aragam2022,/data1/sanghyeon/data/GWAS_for_rg/qced_gwas/CAD.Aragam2022.tsv
MI.Schunkert2011,/data1/sanghyeon/data/GWAS_for_rg/qced_gwas/MI.Schunkert2011.tsv
AnyStroke.Mishra2022,/data1/sanghyeon/data/GWAS_for_rg/qced_gwas/AnyStroke.Mishra2022.tsv
AIS.Mishra2022,/data1/sanghyeon/data/GWAS_for_rg/qced_gwas/AIS.Mishra2022.tsv
LAS.Mishra2022,/data1/sanghyeon/data/GWAS_for_rg/qced_gwas/LAS.Mishra2022.tsv
CES.Mishra2022,/data1/sanghyeon/data/GWAS_for_rg/qced_gwas/CES.Mishra2022.tsv
SVS.Mishra2022,/data1/sanghyeon/data/GWAS_for_rg/qced_gwas/SVS.Mishra2022.tsv
lStroke.Traylor2021,/data1/sanghyeon/data/GWAS_for_rg/qced_gwas/lStroke.Traylor2021.tsv
IH.Woo2014,/data1/sanghyeon/data/GWAS_for_rg/qced_gwas/IH.Woo2014.tsv
aSAH.Bakker2020,/data1/sanghyeon/data/GWAS_for_rg/qced_gwas/aSAH.Bakker2020.tsv
IA.Bakker2020,/data1/sanghyeon/data/GWAS_for_rg/qced_gwas/IA.Bakker2020.tsv
PAD.Klarin2019,/data1/sanghyeon/data/GWAS_for_rg/qced_gwas/PAD.Klarin2019.tsv
AAA.Zhou2022,/data1/sanghyeon/data/GWAS_for_rg/qced_gwas/AAA.Zhou2022.tsv
AAA.Klarin2020,/data1/sanghyeon/data/GWAS_for_rg/qced_gwas/AAA.Klarin2020.tsv
TAA.Roychowdhury2023,/data1/sanghyeon/data/GWAS_for_rg/qced_gwas/TAA.Roychowdhury2023.tsv
AF.Nielsen2018,/data1/sanghyeon/data/GWAS_for_rg/qced_gwas/AF.Nielsen2018.tsv
HF.Shah2020,/data1/sanghyeon/data/GWAS_for_rg/qced_gwas/HF.Shah2020.tsv
cPlaque.Francheschini2018,/data1/sanghyeon/data/GWAS_for_rg/qced_gwas/cPlaque.Francheschini2018.tsv
cIMT.Francheschini2018.CHARGE,/data1/sanghyeon/data/GWAS_for_rg/qced_gwas/cIMT.Francheschini2018.CHARGE.tsv
cIMT.Strawbridge2021.UKBB,/data1/sanghyeon/data/GWAS_for_rg/qced_gwas/cIMT.Strawbridge2021.UKBB.tsv
CAC.Kavousi2023,/data1/sanghyeon/data/GWAS_for_rg/qced_gwas/CAC.Kavousi2023.tsv
AAC.Sethi2022,/data1/sanghyeon/data/GWAS_for_rg/qced_gwas/AAC.Sethi2022.tsv
WMD_WMH.Persyn2020,/data1/sanghyeon/data/GWAS_for_rg/qced_gwas/WMD_WMH.Persyn2020.tsv
WMD_MD.Persyn2020,/data1/sanghyeon/data/GWAS_for_rg/qced_gwas/WMD_MD.Persyn2020.tsv
WMD_FA.Persyn2020,/data1/sanghyeon/data/GWAS_for_rg/qced_gwas/WMD_FA.Persyn2020.tsv
CM_any.Knol2020,/data1/sanghyeon/data/GWAS_for_rg/qced_gwas/CM_any.Knol2020.tsv
CM_deep.Knol2020,/data1/sanghyeon/data/GWAS_for_rg/qced_gwas/CM_deep.Knol2020.tsv
CM_lobar.Knol2020,/data1/sanghyeon/data/GWAS_for_rg/qced_gwas/CM_lobar.Knol2020.tsv
PS.Duperron2023,/data1/sanghyeon/data/GWAS_for_rg/qced_gwas/PS.Duperron2023.tsv
T2D.Suzuki2024,/data1/sanghyeon/data/GWAS_for_rg/qced_gwas/T2D.Suzuki2024.tsv
HbA1c.Chen2021.MAGIC,/data1/sanghyeon/data/GWAS_for_rg/qced_gwas/HbA1c.Chen2021.MAGIC.tsv
randomG.Lagou2023,/data1/sanghyeon/data/GWAS_for_rg/qced_gwas/randomG.Lagou2023.tsv
FG.Chen2021,/data1/sanghyeon/data/GWAS_for_rg/qced_gwas/FG.Chen2021.tsv
FI.Chen2021,/data1/sanghyeon/data/GWAS_for_rg/qced_gwas/FI.Chen2021.tsv
Glu2h.Chen2021,/data1/sanghyeon/data/GWAS_for_rg/qced_gwas/Glu2h.Chen2021.tsv
SBP.Keaton2024,/data1/sanghyeon/data/GWAS_for_rg/qced_gwas/SBP.Keaton2024.tsv
DBP.Keaton2024,/data1/sanghyeon/data/GWAS_for_rg/qced_gwas/DBP.Keaton2024.tsv
PP.Keaton2024,/data1/sanghyeon/data/GWAS_for_rg/qced_gwas/PP.Keaton2024.tsv
BMI.Pulit2018,/data1/sanghyeon/data/GWAS_for_rg/qced_gwas/BMI.Pulit2018.tsv
WHR.Pulit2018,/data1/sanghyeon/data/GWAS_for_rg/qced_gwas/WHR.Pulit2018.tsv
SmokeInit.Saunders2022,/data1/sanghyeon/data/GWAS_for_rg/qced_gwas/SmokeInit.Saunders2022.tsv
SmokeStartAge.Saunders2022,/data1/sanghyeon/data/GWAS_for_rg/qced_gwas/SmokeStartAge.Saunders2022.tsv
CigarPerDay.Saunders2022,/data1/sanghyeon/data/GWAS_for_rg/qced_gwas/CigarPerDay.Saunders2022.tsv
SmokeCess.Saunders2022,/data1/sanghyeon/data/GWAS_for_rg/qced_gwas/SmokeCess.Saunders2022.tsv
LDLc.Graham2021,/data1/sanghyeon/data/GWAS_for_rg/qced_gwas/LDLc.Graham2021.tsv
nonHDLc.Graham2021,/data1/sanghyeon/data/GWAS_for_rg/qced_gwas/nonHDLc.Graham2021.tsv
HDLc.Graham2021,/data1/sanghyeon/data/GWAS_for_rg/qced_gwas/HDLc.Graham2021.tsv
TG.Graham2021,/data1/sanghyeon/data/GWAS_for_rg/qced_gwas/TG.Graham2021.tsv
lipoA.Sinnott2021,/data1/sanghyeon/data/GWAS_for_rg/qced_gwas/lipoA.Sinnott2021.tsv
ApolipoB.Sinnott2021,/data1/sanghyeon/data/GWAS_for_rg/qced_gwas/ApolipoB.Sinnott2021.tsv
ApolipoA.Sinnott2021,/data1/sanghyeon/data/GWAS_for_rg/qced_gwas/ApolipoA.Sinnott2021.tsv
eGFR_creatinine.Wuttke2019,/data1/sanghyeon/data/GWAS_for_rg/qced_gwas/eGFR_creatinine.Wuttke2019.tsv
BUN.Wuttke2019,/data1/sanghyeon/data/GWAS_for_rg/qced_gwas/BUN.Wuttke2019.tsv
UACR.Teumer2019,/data1/sanghyeon/data/GWAS_for_rg/qced_gwas/UACR.Teumer2019.tsv
